date,fuel_type,fuel_name,average_price_pence_per_litre,price_readings
2026-07-13,E10,"Unleaded (E10)",151.43,501
2026-07-14,E10,"Unleaded (E10)",152.35,1377
2026-07-14,E5,"Super Unleaded (E5)",172.11,521
2026-07-14,B7_STANDARD,"Diesel (B7)",166.69,1379
2026-07-15,E10,"Unleaded (E10)",152.33,2238
2026-07-15,E5,"Super Unleaded (E5)",167.58,1496
2026-07-15,B7_STANDARD,"Diesel (B7)",166.75,2659
2026-07-15,B7_PREMIUM,"Premium Diesel (B7)",186.66,962
2026-07-16,E10,"Unleaded (E10)",153.07,1773
2026-07-16,E5,"Super Unleaded (E5)",170.22,872
2026-07-16,B7_STANDARD,"Diesel (B7)",166.77,2074
2026-07-16,B7_PREMIUM,"Premium Diesel (B7)",185.46,733
2026-07-17,E10,"Unleaded (E10)",152.75,12713
2026-07-17,E5,"Super Unleaded (E5)",169.98,9108
2026-07-17,B7_STANDARD,"Diesel (B7)",167.30,13521
2026-07-17,B7_PREMIUM,"Premium Diesel (B7)",187.61,6065
2026-07-18,E10,"Unleaded (E10)",153.09,8907
2026-07-18,E5,"Super Unleaded (E5)",170.46,6773
2026-07-18,B7_STANDARD,"Diesel (B7)",167.89,9226
2026-07-18,B7_PREMIUM,"Premium Diesel (B7)",187.93,4658
2026-07-19,E10,"Unleaded (E10)",153.38,8164
2026-07-19,E5,"Super Unleaded (E5)",170.51,6433
2026-07-19,B7_STANDARD,"Diesel (B7)",168.33,8350
2026-07-19,B7_PREMIUM,"Premium Diesel (B7)",188.33,4330
2026-07-20,E10,"Unleaded (E10)",153.82,11093
2026-07-20,E5,"Super Unleaded (E5)",171.19,9107
2026-07-20,B7_STANDARD,"Diesel (B7)",168.95,11646
2026-07-20,B7_PREMIUM,"Premium Diesel (B7)",188.55,6035
2026-07-21,E10,"Unleaded (E10)",154.69,10941
2026-07-21,E5,"Super Unleaded (E5)",172.92,8127
2026-07-21,B7_STANDARD,"Diesel (B7)",170.38,11692
2026-07-21,B7_PREMIUM,"Premium Diesel (B7)",190.48,5906
2026-07-22,E10,"Unleaded (E10)",155.31,10847
2026-07-22,E5,"Super Unleaded (E5)",172.77,7687
2026-07-22,B7_STANDARD,"Diesel (B7)",171.53,11643
2026-07-22,B7_PREMIUM,"Premium Diesel (B7)",191.26,5313
2026-07-23,E10,"Unleaded (E10)",155.71,10709
2026-07-23,E5,"Super Unleaded (E5)",173.20,7785
2026-07-23,B7_STANDARD,"Diesel (B7)",172.31,11463
2026-07-23,B7_PREMIUM,"Premium Diesel (B7)",191.92,5334
2026-07-24,E10,"Unleaded (E10)",156.67,12342
2026-07-24,E5,"Super Unleaded (E5)",173.68,8398
2026-07-24,B7_STANDARD,"Diesel (B7)",173.81,13108
2026-07-24,B7_PREMIUM,"Premium Diesel (B7)",193.13,6544
2026-07-25,E10,"Unleaded (E10)",157.16,9704
2026-07-25,E5,"Super Unleaded (E5)",175.44,7345
2026-07-25,B7_STANDARD,"Diesel (B7)",174.81,10262
2026-07-25,B7_PREMIUM,"Premium Diesel (B7)",194.34,4890
2026-07-26,E10,"Unleaded (E10)",157.57,8900
2026-07-26,E5,"Super Unleaded (E5)",175.19,6633
2026-07-26,B7_STANDARD,"Diesel (B7)",175.39,9121
2026-07-26,B7_PREMIUM,"Premium Diesel (B7)",194.99,4524
2026-07-27,E10,"Unleaded (E10)",158.26,11107
2026-07-27,E5,"Super Unleaded (E5)",175.84,9011
2026-07-27,B7_STANDARD,"Diesel (B7)",176.29,11588
2026-07-27,B7_PREMIUM,"Premium Diesel (B7)",195.61,6234
2026-07-28,E10,"Unleaded (E10)",158.59,10349
2026-07-28,E5,"Super Unleaded (E5)",175.95,7846
2026-07-28,B7_STANDARD,"Diesel (B7)",176.87,11007
2026-07-28,B7_PREMIUM,"Premium Diesel (B7)",196.59,5178
2026-07-29,E10,"Unleaded (E10)",159.45,10620
2026-07-29,E5,"Super Unleaded (E5)",177.09,7422
2026-07-29,B7_STANDARD,"Diesel (B7)",178.01,11106
2026-07-29,B7_PREMIUM,"Premium Diesel (B7)",196.98,5200
2026-07-30,E10,"Unleaded (E10)",159.65,9985
2026-07-30,E5,"Super Unleaded (E5)",177.14,7204
2026-07-30,B7_STANDARD,"Diesel (B7)",178.46,10655
2026-07-30,B7_PREMIUM,"Premium Diesel (B7)",197.36,5029
2026-07-31,E10,"Unleaded (E10)",160.17,10524
2026-07-31,E5,"Super Unleaded (E5)",177.33,7956
2026-07-31,B7_STANDARD,"Diesel (B7)",179.28,11340
2026-07-31,B7_PREMIUM,"Premium Diesel (B7)",198.05,5314
2026-08-01,E10,"Unleaded (E10)",160.43,8739
2026-08-01,E5,"Super Unleaded (E5)",177.98,6597
2026-08-01,B7_STANDARD,"Diesel (B7)",179.71,8941
2026-08-01,B7_PREMIUM,"Premium Diesel (B7)",198.32,4549
2026-08-02,E10,"Unleaded (E10)",160.84,9435
2026-08-02,E5,"Super Unleaded (E5)",178.22,6924
2026-08-02,B7_STANDARD,"Diesel (B7)",180.21,9661
2026-08-02,B7_PREMIUM,"Premium Diesel (B7)",198.78,4586
2026-08-03,E10,"Unleaded (E10)",161.08,9047
2026-08-03,E5,"Super Unleaded (E5)",177.81,7001
2026-08-03,B7_STANDARD,"Diesel (B7)",180.68,9779
2026-08-03,B7_PREMIUM,"Premium Diesel (B7)",199.43,5148
2026-08-04,E10,"Unleaded (E10)",161.42,9287
2026-08-04,E5,"Super Unleaded (E5)",178.86,6898
2026-08-04,B7_STANDARD,"Diesel (B7)",181.49,10376
2026-08-04,B7_PREMIUM,"Premium Diesel (B7)",200.02,4983
2026-08-05,E10,"Unleaded (E10)",161.59,8805
2026-08-05,E5,"Super Unleaded (E5)",178.79,6703
2026-08-05,B7_STANDARD,"Diesel (B7)",181.68,9370
2026-08-05,B7_PREMIUM,"Premium Diesel (B7)",200.11,4729
2026-08-06,E10,"Unleaded (E10)",161.52,8888
2026-08-06,E5,"Super Unleaded (E5)",178.61,6729
2026-08-06,B7_STANDARD,"Diesel (B7)",181.52,9251
2026-08-06,B7_PREMIUM,"Premium Diesel (B7)",200.10,4883
2026-08-07,E10,"Unleaded (E10)",161.72,8699
2026-08-07,E5,"Super Unleaded (E5)",179.03,6734
2026-08-07,B7_STANDARD,"Diesel (B7)",181.81,9194
2026-08-07,B7_PREMIUM,"Premium Diesel (B7)",199.66,4609
2026-08-08,E10,"Unleaded (E10)",161.67,8017
2026-08-08,E5,"Super Unleaded (E5)",178.94,6293
2026-08-08,B7_STANDARD,"Diesel (B7)",181.95,8155
2026-08-08,B7_PREMIUM,"Premium Diesel (B7)",199.64,4237
2026-08-09,E10,"Unleaded (E10)",161.68,8002
2026-08-09,E5,"Super Unleaded (E5)",178.95,6294
2026-08-09,B7_STANDARD,"Diesel (B7)",181.94,8071
2026-08-09,B7_PREMIUM,"Premium Diesel (B7)",199.61,4204
2026-08-10,E10,"Unleaded (E10)",161.58,8754
2026-08-10,E5,"Super Unleaded (E5)",178.72,6745
2026-08-10,B7_STANDARD,"Diesel (B7)",181.91,8831
2026-08-10,B7_PREMIUM,"Premium Diesel (B7)",199.67,4438
2026-08-11,E10,"Unleaded (E10)",161.52,8443
2026-08-11,E5,"Super Unleaded (E5)",178.98,6630
2026-08-11,B7_STANDARD,"Diesel (B7)",181.94,8592
2026-08-11,B7_PREMIUM,"Premium Diesel (B7)",199.85,4453
2026-08-12,E10,"Unleaded (E10)",161.35,8629
2026-08-12,E5,"Super Unleaded (E5)",178.60,6595
2026-08-12,B7_STANDARD,"Diesel (B7)",182.10,9072
2026-08-12,B7_PREMIUM,"Premium Diesel (B7)",199.56,4379
2026-08-13,E10,"Unleaded (E10)",161.30,8605
2026-08-13,E5,"Super Unleaded (E5)",178.54,6594
2026-08-13,B7_STANDARD,"Diesel (B7)",181.88,8630
2026-08-13,B7_PREMIUM,"Premium Diesel (B7)",199.52,4340
2026-08-14,E10,"Unleaded (E10)",161.32,8921
2026-08-14,E5,"Super Unleaded (E5)",178.79,6761
2026-08-14,B7_STANDARD,"Diesel (B7)",182.11,9361
2026-08-14,B7_PREMIUM,"Premium Diesel (B7)",199.58,4558
2026-08-15,E10,"Unleaded (E10)",161.24,8188
2026-08-15,E5,"Super Unleaded (E5)",178.75,6365
2026-08-15,B7_STANDARD,"Diesel (B7)",181.93,8245
2026-08-15,B7_PREMIUM,"Premium Diesel (B7)",199.66,4246
2026-08-16,E10,"Unleaded (E10)",161.23,7948
2026-08-16,E5,"Super Unleaded (E5)",178.75,6267
2026-08-16,B7_STANDARD,"Diesel (B7)",181.91,8036
2026-08-16,B7_PREMIUM,"Premium Diesel (B7)",199.60,4190
2026-08-17,E10,"Unleaded (E10)",161.21,8793
2026-08-17,E5,"Super Unleaded (E5)",178.80,6692
2026-08-17,B7_STANDARD,"Diesel (B7)",181.95,8920
2026-08-17,B7_PREMIUM,"Premium Diesel (B7)",199.57,4466
2026-08-18,E10,"Unleaded (E10)",161.14,8691
2026-08-18,E5,"Super Unleaded (E5)",178.64,6606
2026-08-18,B7_STANDARD,"Diesel (B7)",182.11,8888
2026-08-18,B7_PREMIUM,"Premium Diesel (B7)",199.88,4523
2026-08-19,E10,"Unleaded (E10)",161.33,8680
2026-08-19,E5,"Super Unleaded (E5)",178.90,6676
2026-08-19,B7_STANDARD,"Diesel (B7)",182.20,8830
2026-08-19,B7_PREMIUM,"Premium Diesel (B7)",199.84,4568
2026-08-20,E10,"Unleaded (E10)",161.52,9249
2026-08-20,E5,"Super Unleaded (E5)",178.73,6894
2026-08-20,B7_STANDARD,"Diesel (B7)",182.60,9237
2026-08-20,B7_PREMIUM,"Premium Diesel (B7)",200.18,4501
2026-08-21,E10,"Unleaded (E10)",161.62,9218
2026-08-21,E5,"Super Unleaded (E5)",179.15,7001
2026-08-21,B7_STANDARD,"Diesel (B7)",182.76,9309
2026-08-21,B7_PREMIUM,"Premium Diesel (B7)",201.43,5232
2026-08-22,E10,"Unleaded (E10)",161.41,8136
2026-08-22,E5,"Super Unleaded (E5)",178.95,6380
2026-08-22,B7_STANDARD,"Diesel (B7)",182.69,8270
2026-08-22,B7_PREMIUM,"Premium Diesel (B7)",201.51,4280
2026-08-23,E10,"Unleaded (E10)",161.39,7981
2026-08-23,E5,"Super Unleaded (E5)",178.92,6292
2026-08-23,B7_STANDARD,"Diesel (B7)",182.69,8109
2026-08-23,B7_PREMIUM,"Premium Diesel (B7)",201.51,4212
2026-08-24,E10,"Unleaded (E10)",161.83,9049
2026-08-24,E5,"Super Unleaded (E5)",179.19,6726
2026-08-24,B7_STANDARD,"Diesel (B7)",183.12,9562
2026-08-24,B7_PREMIUM,"Premium Diesel (B7)",201.53,4648
2026-08-25,E10,"Unleaded (E10)",161.57,8630
2026-08-25,E5,"Super Unleaded (E5)",179.06,6574
2026-08-25,B7_STANDARD,"Diesel (B7)",183.16,9448
2026-08-25,B7_PREMIUM,"Premium Diesel (B7)",201.83,4724
2026-08-26,E10,"Unleaded (E10)",161.60,8511
2026-08-26,E5,"Super Unleaded (E5)",178.96,6537
2026-08-26,B7_STANDARD,"Diesel (B7)",183.30,8908
2026-08-26,B7_PREMIUM,"Premium Diesel (B7)",201.93,4404
2026-08-27,E10,"Unleaded (E10)",161.68,8382
2026-08-27,E5,"Super Unleaded (E5)",179.07,6477
2026-08-27,B7_STANDARD,"Diesel (B7)",183.42,8707
2026-08-27,B7_PREMIUM,"Premium Diesel (B7)",202.01,4351
2026-08-28,E10,"Unleaded (E10)",161.95,8661
2026-08-28,E5,"Super Unleaded (E5)",179.45,6696
2026-08-28,B7_STANDARD,"Diesel (B7)",183.63,8697
2026-08-28,B7_PREMIUM,"Premium Diesel (B7)",202.26,4449
2026-08-29,E10,"Unleaded (E10)",161.78,8248
2026-08-29,E5,"Super Unleaded (E5)",179.25,6466
2026-08-29,B7_STANDARD,"Diesel (B7)",183.56,8348
2026-08-29,B7_PREMIUM,"Premium Diesel (B7)",202.19,4314
2026-08-30,E10,"Unleaded (E10)",161.80,8053
2026-08-30,E5,"Super Unleaded (E5)",179.25,6341
2026-08-30,B7_STANDARD,"Diesel (B7)",183.59,8134
2026-08-30,B7_PREMIUM,"Premium Diesel (B7)",202.20,4228
2026-08-31,E10,"Unleaded (E10)",161.78,8195
2026-08-31,E5,"Super Unleaded (E5)",179.16,6397
2026-08-31,B7_STANDARD,"Diesel (B7)",183.49,8346
2026-08-31,B7_PREMIUM,"Premium Diesel (B7)",202.14,4241
2026-09-01,E10,"Unleaded (E10)",161.89,9374
2026-09-01,E5,"Super Unleaded (E5)",179.03,6729
2026-09-01,B7_STANDARD,"Diesel (B7)",183.57,9022
2026-09-01,B7_PREMIUM,"Premium Diesel (B7)",202.03,4446
2026-09-02,E10,"Unleaded (E10)",162.05,10672
2026-09-02,E5,"Super Unleaded (E5)",178.59,7698
2026-09-02,B7_STANDARD,"Diesel (B7)",183.60,10663
2026-09-02,B7_PREMIUM,"Premium Diesel (B7)",202.14,4713
2026-09-03,E10,"Unleaded (E10)",163.40,11051
2026-09-03,E5,"Super Unleaded (E5)",180.42,7730
2026-09-03,B7_STANDARD,"Diesel (B7)",184.80,11153
2026-09-03,B7_PREMIUM,"Premium Diesel (B7)",202.91,5358
2026-09-04,E10,"Unleaded (E10)",163.71,11248
2026-09-04,E5,"Super Unleaded (E5)",180.54,8252
2026-09-04,B7_STANDARD,"Diesel (B7)",185.35,11122
2026-09-04,B7_PREMIUM,"Premium Diesel (B7)",203.94,5271
2026-09-05,E10,"Unleaded (E10)",164.49,9859
2026-09-05,E5,"Super Unleaded (E5)",181.59,7320
2026-09-05,B7_STANDARD,"Diesel (B7)",186.00,9865
2026-09-05,B7_PREMIUM,"Premium Diesel (B7)",204.30,4997
2026-09-06,E10,"Unleaded (E10)",165.13,9573
2026-09-06,E5,"Super Unleaded (E5)",182.29,6924
2026-09-06,B7_STANDARD,"Diesel (B7)",186.68,9574
2026-09-06,B7_PREMIUM,"Premium Diesel (B7)",205.10,4773
2026-09-07,E10,"Unleaded (E10)",165.99,11756
2026-09-07,E5,"Super Unleaded (E5)",183.24,9105
2026-09-07,B7_STANDARD,"Diesel (B7)",187.57,11875
2026-09-07,B7_PREMIUM,"Premium Diesel (B7)",205.82,6324
2026-09-08,E10,"Unleaded (E10)",166.71,10795
2026-09-08,E5,"Super Unleaded (E5)",184.69,7833
2026-09-08,B7_STANDARD,"Diesel (B7)",188.09,10968
2026-09-08,B7_PREMIUM,"Premium Diesel (B7)",207.56,5196
2026-09-09,E10,"Unleaded (E10)",167.21,10224
2026-09-09,E5,"Super Unleaded (E5)",185.25,7603
2026-09-09,B7_STANDARD,"Diesel (B7)",188.68,10574
2026-09-09,B7_PREMIUM,"Premium Diesel (B7)",208.28,5046
2026-09-10,E10,"Unleaded (E10)",168.14,10798
2026-09-10,E5,"Super Unleaded (E5)",185.59,7600
2026-09-10,B7_STANDARD,"Diesel (B7)",189.70,11051
2026-09-10,B7_PREMIUM,"Premium Diesel (B7)",208.50,5052
2026-09-11,E10,"Unleaded (E10)",168.62,11459
2026-09-11,E5,"Super Unleaded (E5)",186.23,8356
2026-09-11,B7_STANDARD,"Diesel (B7)",190.52,12088
2026-09-11,B7_PREMIUM,"Premium Diesel (B7)",209.51,5844
2026-09-12,E10,"Unleaded (E10)",169.26,9124
2026-09-12,E5,"Super Unleaded (E5)",187.13,6782
2026-09-12,B7_STANDARD,"Diesel (B7)",191.14,9339
2026-09-12,B7_PREMIUM,"Premium Diesel (B7)",210.15,4698
2026-09-13,E10,"Unleaded (E10)",169.55,8754
2026-09-13,E5,"Super Unleaded (E5)",187.29,6496
2026-09-13,B7_STANDARD,"Diesel (B7)",191.56,9216
2026-09-13,B7_PREMIUM,"Premium Diesel (B7)",210.44,4462
2026-09-14,E10,"Unleaded (E10)",170.05,11381
2026-09-14,E5,"Super Unleaded (E5)",187.08,8063
2026-09-14,B7_STANDARD,"Diesel (B7)",192.23,12263
2026-09-14,B7_PREMIUM,"Premium Diesel (B7)",210.83,5554
2026-09-15,E10,"Unleaded (E10)",170.94,11389
2026-09-15,E5,"Super Unleaded (E5)",188.11,7931
2026-09-15,B7_STANDARD,"Diesel (B7)",193.39,11963
2026-09-15,B7_PREMIUM,"Premium Diesel (B7)",211.59,5632
2026-09-16,E10,"Unleaded (E10)",171.54,10179
2026-09-16,E5,"Super Unleaded (E5)",189.06,7504
2026-09-16,B7_STANDARD,"Diesel (B7)",194.29,11131
2026-09-16,B7_PREMIUM,"Premium Diesel (B7)",212.89,6426
2026-09-17,E10,"Unleaded (E10)",171.89,9579
2026-09-17,E5,"Super Unleaded (E5)",189.07,7165
2026-09-17,B7_STANDARD,"Diesel (B7)",195.06,10746
2026-09-17,B7_PREMIUM,"Premium Diesel (B7)",214.11,5255
2026-09-18,E10,"Unleaded (E10)",172.19,9887
2026-09-18,E5,"Super Unleaded (E5)",189.01,7653
2026-09-18,B7_STANDARD,"Diesel (B7)",195.64,10959
2026-09-18,B7_PREMIUM,"Premium Diesel (B7)",214.87,5240
2026-09-19,E10,"Unleaded (E10)",172.19,8664
2026-09-19,E5,"Super Unleaded (E5)",189.41,6524
2026-09-19,B7_STANDARD,"Diesel (B7)",195.85,9219
2026-09-19,B7_PREMIUM,"Premium Diesel (B7)",215.01,4573
2026-09-20,E10,"Unleaded (E10)",172.32,8492
2026-09-20,E5,"Super Unleaded (E5)",189.18,6667
2026-09-20,B7_STANDARD,"Diesel (B7)",196.06,8719
2026-09-20,B7_PREMIUM,"Premium Diesel (B7)",215.12,4392
2026-09-21,E10,"Unleaded (E10)",172.57,9591
2026-09-21,E5,"Super Unleaded (E5)",189.46,7181
2026-09-21,B7_STANDARD,"Diesel (B7)",196.41,10272
2026-09-21,B7_PREMIUM,"Premium Diesel (B7)",215.18,4853
2026-09-22,E10,"Unleaded (E10)",172.90,9209
2026-09-22,E5,"Super Unleaded (E5)",189.82,6903
2026-09-22,B7_STANDARD,"Diesel (B7)",196.98,9824
2026-09-22,B7_PREMIUM,"Premium Diesel (B7)",215.57,4799
2026-09-23,E10,"Unleaded (E10)",173.02,9390
2026-09-23,E5,"Super Unleaded (E5)",189.82,7006
2026-09-23,B7_STANDARD,"Diesel (B7)",197.19,10192
2026-09-23,B7_PREMIUM,"Premium Diesel (B7)",215.83,4812
2026-09-24,E10,"Unleaded (E10)",173.36,9683
2026-09-24,E5,"Super Unleaded (E5)",189.97,7245
2026-09-24,B7_STANDARD,"Diesel (B7)",197.83,10670
2026-09-24,B7_PREMIUM,"Premium Diesel (B7)",216.49,4963
2026-09-25,E10,"Unleaded (E10)",173.75,9993
2026-09-25,E5,"Super Unleaded (E5)",190.37,7222
2026-09-25,B7_STANDARD,"Diesel (B7)",198.37,11041
2026-09-25,B7_PREMIUM,"Premium Diesel (B7)",216.75,5054
2026-09-26,E10,"Unleaded (E10)",173.89,8896
2026-09-26,E5,"Super Unleaded (E5)",190.47,6889
2026-09-26,B7_STANDARD,"Diesel (B7)",198.85,9191
2026-09-26,B7_PREMIUM,"Premium Diesel (B7)",217.10,4549
2026-09-27,E10,"Unleaded (E10)",174.04,8473
2026-09-27,E5,"Super Unleaded (E5)",190.58,6452
2026-09-27,B7_STANDARD,"Diesel (B7)",199.10,8821
2026-09-27,B7_PREMIUM,"Premium Diesel (B7)",217.15,4281
2026-09-28,E10,"Unleaded (E10)",174.10,9663
2026-09-28,E5,"Super Unleaded (E5)",190.92,8359
2026-09-28,B7_STANDARD,"Diesel (B7)",199.21,9991
2026-09-28,B7_PREMIUM,"Premium Diesel (B7)",217.63,5547
2026-09-29,E10,"Unleaded (E10)",174.43,9132
2026-09-29,E5,"Super Unleaded (E5)",191.73,6955
2026-09-29,B7_STANDARD,"Diesel (B7)",199.68,9301
2026-09-29,B7_PREMIUM,"Premium Diesel (B7)",218.24,4610
2026-09-30,E10,"Unleaded (E10)",174.69,8860
2026-09-30,E5,"Super Unleaded (E5)",192.07,6724
2026-09-30,B7_STANDARD,"Diesel (B7)",199.83,9088
2026-09-30,B7_PREMIUM,"Premium Diesel (B7)",218.63,4471
2026-10-01,E10,"Unleaded (E10)",174.57,8933
2026-10-01,E5,"Super Unleaded (E5)",191.95,6838
2026-10-01,B7_STANDARD,"Diesel (B7)",199.83,8658
2026-10-01,B7_PREMIUM,"Premium Diesel (B7)",218.47,4371
2026-10-02,E10,"Unleaded (E10)",174.67,9118
2026-10-02,E5,"Super Unleaded (E5)",191.90,6959
2026-10-02,B7_STANDARD,"Diesel (B7)",199.86,9034
2026-10-02,B7_PREMIUM,"Premium Diesel (B7)",218.69,4432
2026-10-03,E10,"Unleaded (E10)",174.80,8329
2026-10-03,E5,"Super Unleaded (E5)",192.28,6382
2026-10-03,B7_STANDARD,"Diesel (B7)",200.00,8411
2026-10-03,B7_PREMIUM,"Premium Diesel (B7)",218.62,4309
2026-10-04,E10,"Unleaded (E10)",174.82,8107
2026-10-04,E5,"Super Unleaded (E5)",192.37,6364
2026-10-04,B7_STANDARD,"Diesel (B7)",200.00,8219
2026-10-04,B7_PREMIUM,"Premium Diesel (B7)",218.68,4239
2026-10-05,E10,"Unleaded (E10)",174.87,8676
2026-10-05,E5,"Super Unleaded (E5)",192.39,6631
2026-10-05,B7_STANDARD,"Diesel (B7)",200.06,8746
2026-10-05,B7_PREMIUM,"Premium Diesel (B7)",218.62,4479
